<?xml version="1.0" encoding="utf-8"?>
<!DOCTYPE article PUBLIC "-//NLM//DTD JATS (Z39.96) Journal Archiving
and Interchange DTD v1.2 20190208//EN" "JATS-archivearticle1.dtd">
<article xmlns:mml="http://www.w3.org/1998/Math/MathML" xmlns:xlink="http://www.w3.org/1999/xlink" dtd-version="1.2" article-type="other">
  <front>
    <journal-meta>
      <journal-id/>
      <journal-title-group>
        <journal-title>Sheffield study on thyroid nodules</journal-title>
      </journal-title-group>
      <issn/>
      <publisher>
        <publisher-name/>
      </publisher>
    </journal-meta>
    <article-meta>
      <title-group>
        <article-title>A multicentre observational study of the epidemiology and
initial management pathway of thyroid nodules</article-title>
      </title-group>
      <contrib-group>
        <contrib contrib-type="author" corresp="yes">
          <contrib-id contrib-id-type="orcid">0000-0002-6205-806X</contrib-id>
          <name>
            <surname>Edafe</surname>
            <given-names>Ovie</given-names>
          </name>
          <string-name>Ovie Edafe</string-name>
          <email>ovieedafe@hotmail.co.uk</email>
          <role>Researcher</role>
          <xref ref-type="aff" rid="aff-1">a</xref>
          <xref ref-type="corresp" rid="cor-1">*</xref>
        </contrib>
        <contrib contrib-type="author">
          <contrib-id contrib-id-type="orcid">000-0001-8301-6857</contrib-id>
          <name>
            <surname>Shephard</surname>
            <given-names>Neil</given-names>
          </name>
          <string-name>Neil Shephard</string-name>
          <role>Researcher</role>
          <xref ref-type="aff" rid="aff-2">b</xref>
        </contrib>
        <contrib contrib-type="author">
          <contrib-id contrib-id-type="orcid">0000-0001-5953-2843</contrib-id>
          <name>
            <surname>Balasubramanian</surname>
            <given-names>Sabapathy P</given-names>
          </name>
          <string-name>Sabapathy P Balasubramanian</string-name>
          <role>Researcher</role>
          <xref ref-type="aff" rid="aff-3">c</xref>
        </contrib>
      </contrib-group>
      <aff id="aff-1">
        <institution-wrap>
          <institution>Department of Oncology &amp; Metabolism, University of
Sheffield</institution>
        </institution-wrap>
      </aff>
      <aff id="aff-2">
        <institution-wrap>
          <institution>Research Software Engineer, Department of Computer Science,
University of Sheffield</institution>
        </institution-wrap>
      </aff>
      <aff id="aff-3">
        <institution-wrap>
          <institution>Directorate of General Surgery, Sheffield Teaching
Hospitals NHS Foundation Trust</institution>
        </institution-wrap>
      </aff>
      <author-notes>
        <corresp id="cor-1">ovieedafe@hotmail.co.uk</corresp>
      </author-notes>
      <pub-date date-type="pub" publication-format="electronic" iso-8601-date="2024-04-26">
        <year>2024</year>
        <month>4</month>
        <day>26</day>
      </pub-date>
      <history/>
      <abstract>
        <sec id="introduction">
          <title>Introduction</title>
          <p>This is the introduction.</p>
        </sec>
        <sec id="methods">
          <title>Methods</title>
          <p>This is the methods.</p>
        </sec>
        <sec id="results">
          <title>Results</title>
          <p>This is the results.</p>
        </sec>
        <sec id="conclusion">
          <title>Conclusion</title>
          <p>This is the conclusion</p>
        </sec>
      </abstract>
      <kwd-group kwd-group-type="author">
        <kwd>Thyroid nodules</kwd>
        <kwd>Thyroid cancer</kwd>
      </kwd-group>
    </article-meta>
  </front>
  <body>
    <sec id="introduction">
      <title>1 Introduction</title>
      <p>Some paragraphs on the background of the work can go here.</p>
    </sec>
    <sec id="methods">
      <title>2 Methods</title>
      <p>Data was cleaned and analysed using the R Statistical Software R
  Core Team
  (<xref alt="2023" rid="ref-r_citation" ref-type="bibr">2023</xref>)
  and the Tidyverse (Wickham et al.
  (<xref alt="2019" rid="ref-tidyverse" ref-type="bibr">2019</xref>)),
  Tidymodels (Kuhn and Wickham
  (<xref alt="2020" rid="ref-tidymodels" ref-type="bibr">2020</xref>))
  collection of packages.</p>
      <sec id="modelling">
        <title>2.1 Modelling</title>
        <p>Description of the different models and how they are assessed can
    go here.</p>
      </sec>
    </sec>
    <sec id="results">
      <title>3 Results</title>
      <sec id="data-description">
        <title>3.1 Data Description</title>
        <p>Details of data completeness and other descriptive aspects go
    here.</p>
      </sec>
      <sec id="modelling-1">
        <title>3.2 Modelling</title>
        <p>Results of the various modelling go here. Each section will show
    the results along with…</p>
        <list list-type="bullet">
          <list-item>
            <p>LIME/Shaply analysis for explanability of models</p>
          </list-item>
        </list>
        <sec id="lasso-elastic-net">
          <title>3.2.1 LASSO / Elastic Net</title>
        </sec>
        <sec id="random-forest">
          <title>3.2.2 Random Forest</title>
        </sec>
        <sec id="gradient-boosting">
          <title>3.2.3 Gradient Boosting</title>
        </sec>
        <sec id="svm">
          <title>3.2.4 SVM</title>
        </sec>
        <sec id="comparision">
          <title>3.2.5 Comparision</title>
          <p>Comparing the sensitivity of the different models goes
      here.</p>
          <list list-type="bullet">
            <list-item>
              <p>Table of sensitivit/specificit/other metrics.</p>
            </list-item>
            <list-item>
              <p>ROC curves</p>
            </list-item>
          </list>
        </sec>
      </sec>
    </sec>
    <sec id="conclusion">
      <title>4 Conclusion</title>
      <p>The take-away message is….these things are hard!</p>
    </sec>
  </body>
  <back>
    <ref-list>
      <title/>
      <ref id="ref-tidymodels">
        <element-citation publication-type="book">
          <person-group person-group-type="author">
            <name>
              <surname>Kuhn</surname>
              <given-names>Max</given-names>
            </name>
            <name>
              <surname>Wickham</surname>
              <given-names>Hadley</given-names>
            </name>
          </person-group>
          <source>Tidymodels: A collection of packages for modeling and machine learning using tidyverse principles.</source>
          <year iso-8601-date="2020">2020</year>
          <uri>https://www.tidymodels.org</uri>
        </element-citation>
      </ref>
      <ref id="ref-tidyverse">
        <element-citation publication-type="article-journal">
          <person-group person-group-type="author">
            <name>
              <surname>Wickham</surname>
              <given-names>Hadley</given-names>
            </name>
            <name>
              <surname>Averick</surname>
              <given-names>Mara</given-names>
            </name>
            <name>
              <surname>Bryan</surname>
              <given-names>Jennifer</given-names>
            </name>
            <name>
              <surname>Chang</surname>
              <given-names>Winston</given-names>
            </name>
            <name>
              <surname>McGowan</surname>
              <given-names>Lucy D’Agostino</given-names>
            </name>
            <name>
              <surname>François</surname>
              <given-names>Romain</given-names>
            </name>
            <name>
              <surname>Grolemund</surname>
              <given-names>Garrett</given-names>
            </name>
            <name>
              <surname>Hayes</surname>
              <given-names>Alex</given-names>
            </name>
            <name>
              <surname>Henry</surname>
              <given-names>Lionel</given-names>
            </name>
            <name>
              <surname>Hester</surname>
              <given-names>Jim</given-names>
            </name>
            <name>
              <surname>Kuhn</surname>
              <given-names>Max</given-names>
            </name>
            <name>
              <surname>Pedersen</surname>
              <given-names>Thomas Lin</given-names>
            </name>
            <name>
              <surname>Miller</surname>
              <given-names>Evan</given-names>
            </name>
            <name>
              <surname>Bache</surname>
              <given-names>Stephan Milton</given-names>
            </name>
            <name>
              <surname>Müller</surname>
              <given-names>Kirill</given-names>
            </name>
            <name>
              <surname>Ooms</surname>
              <given-names>Jeroen</given-names>
            </name>
            <name>
              <surname>Robinson</surname>
              <given-names>David</given-names>
            </name>
            <name>
              <surname>Seidel</surname>
              <given-names>Dana Paige</given-names>
            </name>
            <name>
              <surname>Spinu</surname>
              <given-names>Vitalie</given-names>
            </name>
            <name>
              <surname>Takahashi</surname>
              <given-names>Kohske</given-names>
            </name>
            <name>
              <surname>Vaughan</surname>
              <given-names>Davis</given-names>
            </name>
            <name>
              <surname>Wilke</surname>
              <given-names>Claus</given-names>
            </name>
            <name>
              <surname>Woo</surname>
              <given-names>Kara</given-names>
            </name>
            <name>
              <surname>Yutani</surname>
              <given-names>Hiroaki</given-names>
            </name>
          </person-group>
          <article-title>Welcome to the tidyverse</article-title>
          <source>Journal of Open Source Software</source>
          <year iso-8601-date="2019">2019</year>
          <volume>4</volume>
          <issue>43</issue>
          <pub-id pub-id-type="doi">10.21105/joss.01686</pub-id>
          <fpage>1686</fpage>
          <lpage/>
        </element-citation>
      </ref>
      <ref id="ref-r_citation">
        <element-citation publication-type="book">
          <person-group person-group-type="author">
            <string-name>R Core Team</string-name>
          </person-group>
          <source>R: A language and environment for statistical computing</source>
          <publisher-name>R Foundation for Statistical Computing</publisher-name>
          <publisher-loc>Vienna, Austria</publisher-loc>
          <year iso-8601-date="2023">2023</year>
          <uri>https://www.R-project.org/</uri>
        </element-citation>
      </ref>
    </ref-list>
  </back>
  <sub-article article-type="notebook" id="nb-2-nb-article">
    <front-stub>
      <title-group>
        <article-title>A multicentre observational study of the epidemiology and
initial management pathway of thyroid nodules</article-title>
      </title-group>
      <contrib-group>
        <contrib contrib-type="author" corresp="yes">
          <contrib-id contrib-id-type="orcid">0000-0002-6205-806X</contrib-id>
          <name>
            <surname>Edafe</surname>
            <given-names>Ovie</given-names>
          </name>
          <string-name>Ovie Edafe</string-name>
          <email>ovieedafe@hotmail.co.uk</email>
          <role>Researcher</role>
          <xref ref-type="aff" rid="aff-1-nb-article">a</xref>
          <xref ref-type="corresp" rid="cor-1-nb-article">*</xref>
        </contrib>
        <contrib contrib-type="author">
          <contrib-id contrib-id-type="orcid">000-0001-8301-6857</contrib-id>
          <name>
            <surname>Shephard</surname>
            <given-names>Neil</given-names>
          </name>
          <string-name>Neil Shephard</string-name>
          <role>Researcher</role>
          <xref ref-type="aff" rid="aff-2-nb-article">b</xref>
        </contrib>
        <contrib contrib-type="author">
          <contrib-id contrib-id-type="orcid">0000-0001-5953-2843</contrib-id>
          <name>
            <surname>Balasubramanian</surname>
            <given-names>Sabapathy P</given-names>
          </name>
          <string-name>Sabapathy P Balasubramanian</string-name>
          <role>Researcher</role>
          <xref ref-type="aff" rid="aff-3-nb-article">c</xref>
        </contrib>
      </contrib-group>
      <aff id="aff-1-nb-article">
        <institution-wrap>
          <institution>Department of Oncology &amp; Metabolism, University of
Sheffield</institution>
        </institution-wrap>
      </aff>
      <aff id="aff-2-nb-article">
        <institution-wrap>
          <institution>Research Software Engineer, Department of Computer Science,
University of Sheffield</institution>
        </institution-wrap>
      </aff>
      <aff id="aff-3-nb-article">
        <institution-wrap>
          <institution>Directorate of General Surgery, Sheffield Teaching
Hospitals NHS Foundation Trust</institution>
        </institution-wrap>
      </aff>
      <author-notes>
        <corresp id="cor-1-nb-article">ovieedafe@hotmail.co.uk</corresp>
      </author-notes>
      <abstract>
        <sec id="introduction-nb-article">
          <title>Introduction</title>
          <p>This is the introduction.</p>
        </sec>
        <sec id="methods-nb-article">
          <title>Methods</title>
          <p>This is the methods.</p>
        </sec>
        <sec id="results-nb-article">
          <title>Results</title>
          <p>This is the results.</p>
        </sec>
        <sec id="conclusion-nb-article">
          <title>Conclusion</title>
          <p>This is the conclusion</p>
        </sec>
      </abstract>
    </front-stub>
    <body>
      <sec specific-use="notebook-content">
        <code language="r script"># Load libraries
library(ggplot2)
library(knitr)
library(rmarkdown)
library(tidyverse)</code>
        <boxed-text>
          <preformat>── Attaching core tidyverse packages ──────────────────────── tidyverse 2.0.0 ──
✔ dplyr     1.1.4     ✔ readr     2.1.5
✔ forcats   1.0.0     ✔ stringr   1.5.1
✔ lubridate 1.9.3     ✔ tibble    3.2.1
✔ purrr     1.0.2     ✔ tidyr     1.3.1
── Conflicts ────────────────────────────────────────── tidyverse_conflicts() ──
✖ dplyr::filter() masks stats::filter()
✖ dplyr::lag()    masks stats::lag()
ℹ Use the conflicted package (&lt;http://conflicted.r-lib.org/&gt;) to force all conflicts to become errors</preformat>
        </boxed-text>
        <code language="r script">library(gtsummary)
library(tableone)

# Set global options
options(digits = 3)

## Set directories based on current location
base_dir &lt;- getwd()
data_dir &lt;- paste(base_dir, "data", sep = "/")
csv_dir &lt;- paste(data_dir, "csv", sep = "/")
r_dir &lt;- paste(data_dir, "r", sep = "/")
r_scripts &lt;- paste(base_dir, "r", sep = "/")


# Load data
#source("r/shf_thy_nod.R")
#df &lt;- readRDS(paste0(r_dir, "clean.rds", sep="/"))</code>
      </sec>
      <sec id="introduction-nb-article">
        <title>1 Introduction</title>
        <p>Some paragraphs on the background of the work can go here.</p>
      </sec>
      <sec id="methods-nb-article">
        <title>2 Methods</title>
        <p>Data was cleaned and analysed using the R Statistical Software R
  Core Team
  (<xref alt="2023" rid="ref-r_citation-nb-article" ref-type="bibr">2023</xref>)
  and the Tidyverse (Wickham et al.
  (<xref alt="2019" rid="ref-tidyverse-nb-article" ref-type="bibr">2019</xref>)),
  Tidymodels (Kuhn and Wickham
  (<xref alt="2020" rid="ref-tidymodels-nb-article" ref-type="bibr">2020</xref>))
  collection of packages.</p>
        <sec id="modelling-nb-article">
          <title>2.1 Modelling</title>
          <p>Description of the different models and how they are assessed can
    go here.</p>
        </sec>
      </sec>
      <sec id="results-nb-article">
        <title>3 Results</title>
        <sec id="data-description-nb-article">
          <title>3.1 Data Description</title>
          <p>Details of data completeness and other descriptive aspects go
    here.</p>
        </sec>
        <sec id="modelling-1-nb-article">
          <title>3.2 Modelling</title>
          <p>Results of the various modelling go here. Each section will show
    the results along with…</p>
          <list list-type="bullet">
            <list-item>
              <p>LIME/Shaply analysis for explanability of models</p>
            </list-item>
          </list>
          <sec id="lasso-elastic-net-nb-article">
            <title>3.2.1 LASSO / Elastic Net</title>
          </sec>
          <sec id="random-forest-nb-article">
            <title>3.2.2 Random Forest</title>
          </sec>
          <sec id="gradient-boosting-nb-article">
            <title>3.2.3 Gradient Boosting</title>
          </sec>
          <sec id="svm-nb-article">
            <title>3.2.4 SVM</title>
          </sec>
          <sec id="comparision-nb-article">
            <title>3.2.5 Comparision</title>
            <p>Comparing the sensitivity of the different models goes
      here.</p>
            <list list-type="bullet">
              <list-item>
                <p>Table of sensitivit/specificit/other metrics.</p>
              </list-item>
              <list-item>
                <p>ROC curves</p>
              </list-item>
            </list>
          </sec>
        </sec>
      </sec>
      <sec id="conclusion-nb-article">
        <title>4 Conclusion</title>
        <p>The take-away message is….these things are hard!</p>
      </sec>
    </body>
    <back>
      <ref-list>
        <title/>
        <ref id="ref-tidymodels-nb-article">
          <element-citation publication-type="book">
            <person-group person-group-type="author">
              <name>
                <surname>Kuhn</surname>
                <given-names>Max</given-names>
              </name>
              <name>
                <surname>Wickham</surname>
                <given-names>Hadley</given-names>
              </name>
            </person-group>
            <source>Tidymodels: A collection of packages for modeling and machine learning using tidyverse principles.</source>
            <year iso-8601-date="2020">2020</year>
            <uri>https://www.tidymodels.org</uri>
          </element-citation>
        </ref>
        <ref id="ref-tidyverse-nb-article">
          <element-citation publication-type="article-journal">
            <person-group person-group-type="author">
              <name>
                <surname>Wickham</surname>
                <given-names>Hadley</given-names>
              </name>
              <name>
                <surname>Averick</surname>
                <given-names>Mara</given-names>
              </name>
              <name>
                <surname>Bryan</surname>
                <given-names>Jennifer</given-names>
              </name>
              <name>
                <surname>Chang</surname>
                <given-names>Winston</given-names>
              </name>
              <name>
                <surname>McGowan</surname>
                <given-names>Lucy D’Agostino</given-names>
              </name>
              <name>
                <surname>François</surname>
                <given-names>Romain</given-names>
              </name>
              <name>
                <surname>Grolemund</surname>
                <given-names>Garrett</given-names>
              </name>
              <name>
                <surname>Hayes</surname>
                <given-names>Alex</given-names>
              </name>
              <name>
                <surname>Henry</surname>
                <given-names>Lionel</given-names>
              </name>
              <name>
                <surname>Hester</surname>
                <given-names>Jim</given-names>
              </name>
              <name>
                <surname>Kuhn</surname>
                <given-names>Max</given-names>
              </name>
              <name>
                <surname>Pedersen</surname>
                <given-names>Thomas Lin</given-names>
              </name>
              <name>
                <surname>Miller</surname>
                <given-names>Evan</given-names>
              </name>
              <name>
                <surname>Bache</surname>
                <given-names>Stephan Milton</given-names>
              </name>
              <name>
                <surname>Müller</surname>
                <given-names>Kirill</given-names>
              </name>
              <name>
                <surname>Ooms</surname>
                <given-names>Jeroen</given-names>
              </name>
              <name>
                <surname>Robinson</surname>
                <given-names>David</given-names>
              </name>
              <name>
                <surname>Seidel</surname>
                <given-names>Dana Paige</given-names>
              </name>
              <name>
                <surname>Spinu</surname>
                <given-names>Vitalie</given-names>
              </name>
              <name>
                <surname>Takahashi</surname>
                <given-names>Kohske</given-names>
              </name>
              <name>
                <surname>Vaughan</surname>
                <given-names>Davis</given-names>
              </name>
              <name>
                <surname>Wilke</surname>
                <given-names>Claus</given-names>
              </name>
              <name>
                <surname>Woo</surname>
                <given-names>Kara</given-names>
              </name>
              <name>
                <surname>Yutani</surname>
                <given-names>Hiroaki</given-names>
              </name>
            </person-group>
            <article-title>Welcome to the tidyverse</article-title>
            <source>Journal of Open Source Software</source>
            <year iso-8601-date="2019">2019</year>
            <volume>4</volume>
            <issue>43</issue>
            <pub-id pub-id-type="doi">10.21105/joss.01686</pub-id>
            <fpage>1686</fpage>
            <lpage/>
          </element-citation>
        </ref>
        <ref id="ref-r_citation-nb-article">
          <element-citation publication-type="book">
            <person-group person-group-type="author">
              <string-name>R Core Team</string-name>
            </person-group>
            <source>R: A language and environment for statistical computing</source>
            <publisher-name>R Foundation for Statistical Computing</publisher-name>
            <publisher-loc>Vienna, Austria</publisher-loc>
            <year iso-8601-date="2023">2023</year>
            <uri>https://www.R-project.org/</uri>
          </element-citation>
        </ref>
      </ref-list>
    </back>
  </sub-article>
</article>
